chromosome_id,WT_1_1,WT_2_1,WT_3_1,HGPS_917_SCR_1,HGPS_478_SCR_1,HGPS_297_SCR_1,HGPS_917_NT_1,HGPS_478_NT_1,HGPS_297_NT_1,WRN_1_NT_1,WRN_2_NT_1,WRN_3_NT_1,WRN_1_L1_ASO_1,WRN_2_L1_ASO_1,WRN_3_L1_ASO_1,HGPS_917_L1_ASO_1,HGPS_478_L1_ASO_1,HGPS_297_L1_ASO_1,WRN_1_SCR_1,WRN_2_SCR_1,WRN_3_SCR_1
15,4.415011037527594,4.415011037527594,4.415011037527594,0.7358351729212657,2.9433406916850626,2.9433406916850626,2.9433406916850626,0.7358351729212657,2.9433406916850626,2.9433406916850626,2.9433406916850626,2.9433406916850626,2.9433406916850626,2.9433406916850626,2.9433406916850626,2.9433406916850626,2.9433406916850626,2.207505518763797,4.418262150220913,4.418262150220913,4.418262150220913
