chromosome_id,WT_1_1,WT_2_1,WT_3_1,HGPS_917_SCR_1,HGPS_478_SCR_1,HGPS_297_SCR_1,HGPS_917_NT_1,HGPS_478_NT_1,HGPS_297_NT_1,WRN_1_NT_1,WRN_2_NT_1,WRN_3_NT_1,WRN_1_L1_ASO_1,WRN_2_L1_ASO_1,WRN_3_L1_ASO_1,HGPS_917_L1_ASO_1,HGPS_478_L1_ASO_1,HGPS_297_L1_ASO_1,WRN_1_SCR_1,WRN_2_SCR_1,WRN_3_SCR_1
8,7.76287932251235,7.057163020465773,9.174311926605505,7.76287932251235,7.76287932251235,9.880028228652082,7.76287932251235,7.76287932251235,8.468595624558928,9.880028228652082,9.880028228652082,9.880028228652082,7.76287932251235,7.76287932251235,7.76287932251235,7.057163020465773,6.351446718419195,7.057163020465773,9.880028228652082,9.880028228652082,9.880028228652082
