,WT_1_1,WT_2_1,WT_3_1,StartPos,EndPos,Gene_ID,labels,mean_value
81,0.21106548102635578,0.1871280981432677,0.2130575160056742,37675636,37679802,ENSG00000100097,1,0.20375036505843258
122,0.1888830085386558,0.20631037292578788,0.1945534293166199,32801705,32863041,ENSG00000100234,1,0.19658227026035455
153,0.1268478420352539,0.11229510568559772,0.11604614434631882,39312882,39320389,ENSG00000100316,1,0.11839636402239014
214,0.032618697617738744,0.03166405448366688,0.03306413223326398,39519695,39522683,ENSG00000128272,1,0.03244896144488987
361,0.02353468713645354,0.02186352436920137,0.021905334909759516,41621163,41664048,ENSG00000196419,1,0.02243451547180481
