,WRN_1_NT_1,WRN_2_NT_1,WRN_3_NT_1,StartPos,EndPos,Gene_ID,labels,mean_value
81,0.1909243015933043,0.19772536655660167,0.18205847745586387,37675636,37679802,ENSG00000100097,1,0.19023604853525664
106,0.022546042832902468,0.021918057980542787,0.023264052948156002,38468078,38483447,ENSG00000100196,1,0.022576051253867083
122,0.17392382857563535,0.16934094860716958,0.18061412139777347,32801705,32863041,ENSG00000100234,1,0.17462629952685946
147,0.020957828878095556,0.02282914855236809,0.019422843561952532,43151547,43163242,ENSG00000100300,1,0.021069940330805392
153,0.12679853635168295,0.1240044828546619,0.11813032000994678,39312882,39320389,ENSG00000100316,1,0.12297777973876388
214,0.033010097893023845,0.0325838169941384,0.032020681059560276,39519695,39522683,ENSG00000128272,1,0.0325381986489075
361,0.019519608886116806,0.01779076988278511,0.017922629644169682,41621163,41664048,ENSG00000196419,1,0.0184110028043572
599,0.020128762461420216,0.017525451027652805,0.014988700270362077,23894383,23895227,ENSG00000240972,1,0.0175476379198117
