chromosome_id,WT_1_1,WT_2_1,WT_3_1,HGPS_917_SCR_1,HGPS_478_SCR_1,HGPS_297_SCR_1,HGPS_917_NT_1,HGPS_478_NT_1,HGPS_297_NT_1,WRN_1_NT_1,WRN_2_NT_1,WRN_3_NT_1,WRN_1_L1_ASO_1,WRN_2_L1_ASO_1,WRN_3_L1_ASO_1,HGPS_917_L1_ASO_1,HGPS_478_L1_ASO_1,HGPS_297_L1_ASO_1,WRN_1_SCR_1,WRN_2_SCR_1,WRN_3_SCR_1
13,7.281553398058253,8.495145631067961,7.281553398058253,10.922330097087379,8.495145631067961,8.495145631067961,8.495145631067961,8.495145631067961,8.495145631067961,2.4271844660194173,2.4271844660194173,2.4271844660194173,7.281553398058253,7.281553398058253,7.281553398058253,9.70873786407767,9.70873786407767,9.70873786407767,6.067961165048544,4.854368932038835,4.854368932038835
