chromosome_id,WT_1_1,WT_2_1,WT_3_1,HGPS_917_SCR_1,HGPS_478_SCR_1,HGPS_297_SCR_1,HGPS_917_NT_1,HGPS_478_NT_1,HGPS_297_NT_1,WRN_1_NT_1,WRN_2_NT_1,WRN_3_NT_1,WRN_1_L1_ASO_1,WRN_2_L1_ASO_1,WRN_3_L1_ASO_1,HGPS_917_L1_ASO_1,HGPS_478_L1_ASO_1,HGPS_297_L1_ASO_1,WRN_1_SCR_1,WRN_2_SCR_1,WRN_3_SCR_1
19,3.8424591738712777,3.8424591738712777,3.8424591738712777,1.440922190201729,2.881844380403458,2.881844380403458,1.440922190201729,2.881844380403458,2.881844380403458,3.8424591738712777,3.8424591738712777,3.8424591738712777,4.803073967339097,3.8424591738712777,3.8424591738712777,3.8424591738712777,3.362151777137368,3.362151777137368,2.881844380403458,2.881844380403458,4.803073967339097
