chromosome_id,WT_1_1,WT_2_1,WT_3_1,HGPS_917_SCR_1,HGPS_478_SCR_1,HGPS_297_SCR_1,HGPS_917_NT_1,HGPS_478_NT_1,HGPS_297_NT_1,WRN_1_NT_1,WRN_2_NT_1,WRN_3_NT_1,WRN_1_L1_ASO_1,WRN_2_L1_ASO_1,WRN_3_L1_ASO_1,HGPS_917_L1_ASO_1,HGPS_478_L1_ASO_1,HGPS_297_L1_ASO_1,WRN_1_SCR_1,WRN_2_SCR_1,WRN_3_SCR_1
14,0.7627765064836003,0.7627765064836003,0.7627765064836003,0.7627765064836003,0.7627765064836003,0.7627765064836003,0.7627765064836003,0.7627765064836003,0.7627765064836003,0.7627765064836003,0.7627765064836003,0.7627765064836003,0.7627765064836003,0.7627765064836003,0.7627765064836003,0.7627765064836003,0.7627765064836003,0.7627765064836003,3.051106025934401,2.288329519450801,3.051106025934401
