chromosome_id,WT_1_1,WT_2_1,WT_3_1,HGPS_917_SCR_1,HGPS_478_SCR_1,HGPS_297_SCR_1,HGPS_917_NT_1,HGPS_478_NT_1,HGPS_297_NT_1,WRN_1_NT_1,WRN_2_NT_1,WRN_3_NT_1,WRN_1_L1_ASO_1,WRN_2_L1_ASO_1,WRN_3_L1_ASO_1,HGPS_917_L1_ASO_1,HGPS_478_L1_ASO_1,HGPS_297_L1_ASO_1,WRN_1_SCR_1,WRN_2_SCR_1,WRN_3_SCR_1
6,1.044932079414838,1.567398119122257,1.567398119122257,3.134796238244514,3.6572622779519333,4.179728317659352,3.134796238244514,3.6572622779519333,4.179728317659352,2.6123301985370952,2.6123301985370952,2.6123301985370952,1.567398119122257,1.567398119122257,1.567398119122257,0.522466039707419,1.567398119122257,2.089864158829676,3.134796238244514,3.134796238244514,3.134796238244514
