chromosome_id,WT_1_1,WT_2_1,WT_3_1,HGPS_917_SCR_1,HGPS_478_SCR_1,HGPS_297_SCR_1,HGPS_917_NT_1,HGPS_478_NT_1,HGPS_297_NT_1,WRN_1_NT_1,WRN_2_NT_1,WRN_3_NT_1,WRN_1_L1_ASO_1,WRN_2_L1_ASO_1,WRN_3_L1_ASO_1,HGPS_917_L1_ASO_1,HGPS_478_L1_ASO_1,HGPS_297_L1_ASO_1,WRN_1_SCR_1,WRN_2_SCR_1,WRN_3_SCR_1
16,2.4345709068776626,2.4345709068776626,2.4345709068776626,8.52099817407182,8.52099817407182,8.52099817407182,7.303712720632989,5.477784540474741,8.52099817407182,7.912355447352404,7.912355447352404,8.52099817407182,9.129640900791236,9.129640900791236,6.086427267194157,4.869141813755325,7.912355447352404,7.303712720632989,7.912355447352404,7.912355447352404,7.912355447352404
