chromosome_id,WT_1_1,WT_2_1,WT_3_1,HGPS_917_SCR_1,HGPS_478_SCR_1,HGPS_297_SCR_1,HGPS_917_NT_1,HGPS_478_NT_1,HGPS_297_NT_1,WRN_1_NT_1,WRN_2_NT_1,WRN_3_NT_1,WRN_1_L1_ASO_1,WRN_2_L1_ASO_1,WRN_3_L1_ASO_1,HGPS_917_L1_ASO_1,HGPS_478_L1_ASO_1,HGPS_297_L1_ASO_1,WRN_1_SCR_1,WRN_2_SCR_1,WRN_3_SCR_1
7,4.945054945054945,4.945054945054945,4.945054945054945,1.6483516483516483,2.197802197802198,1.6483516483516483,1.6483516483516483,1.6483516483516483,0.5494505494505495,3.2967032967032965,3.2967032967032965,3.2967032967032965,0.5497526113249038,2.1990104452996153,2.1990104452996153,2.197802197802198,2.197802197802198,2.197802197802198,2.7472527472527473,2.7472527472527473,2.7472527472527473
