chromosome_id,WT_1_1,WT_2_1,WT_3_1,HGPS_917_SCR_1,HGPS_478_SCR_1,HGPS_297_SCR_1,HGPS_917_NT_1,HGPS_478_NT_1,HGPS_297_NT_1,WRN_1_NT_1,WRN_2_NT_1,WRN_3_NT_1,WRN_1_L1_ASO_1,WRN_2_L1_ASO_1,WRN_3_L1_ASO_1,HGPS_917_L1_ASO_1,HGPS_478_L1_ASO_1,HGPS_297_L1_ASO_1,WRN_1_SCR_1,WRN_2_SCR_1,WRN_3_SCR_1
17,4.847309743092584,6.301502666020359,6.301502666020359,4.847309743092584,4.847309743092584,5.332040717401842,4.847309743092584,3.877847794474067,4.362578768783325,5.332040717401842,5.332040717401842,5.332040717401842,4.847309743092584,4.847309743092584,4.847309743092584,5.8167716917111,5.8167716917111,5.8167716917111,6.786233640329617,6.786233640329617,5.332040717401842
