chromosome_id,WT_1_1,WT_2_1,WT_3_1,HGPS_917_SCR_1,HGPS_478_SCR_1,HGPS_297_SCR_1,HGPS_917_NT_1,HGPS_478_NT_1,HGPS_297_NT_1,WRN_1_NT_1,WRN_2_NT_1,WRN_3_NT_1,WRN_1_L1_ASO_1,WRN_2_L1_ASO_1,WRN_3_L1_ASO_1,HGPS_917_L1_ASO_1,HGPS_478_L1_ASO_1,HGPS_297_L1_ASO_1,WRN_1_SCR_1,WRN_2_SCR_1,WRN_3_SCR_1
11,8.016032064128256,8.016032064128256,8.016032064128256,4.006009013520281,4.006009013520281,6.5097646469704555,4.506760140210315,4.506760140210315,5.508262393590385,5.007511266900351,5.007511266900351,5.007511266900351,5.508262393590385,5.508262393590385,5.508262393590385,6.5097646469704555,6.5097646469704555,6.5097646469704555,7.511266900350526,7.511266900350526,7.511266900350526
