chromosome_id,WT_1_1,WT_2_1,WT_3_1,HGPS_917_SCR_1,HGPS_478_SCR_1,HGPS_297_SCR_1,HGPS_917_NT_1,HGPS_478_NT_1,HGPS_297_NT_1,WRN_1_NT_1,WRN_2_NT_1,WRN_3_NT_1,WRN_1_L1_ASO_1,WRN_2_L1_ASO_1,WRN_3_L1_ASO_1,HGPS_917_L1_ASO_1,HGPS_478_L1_ASO_1,HGPS_297_L1_ASO_1,WRN_1_SCR_1,WRN_2_SCR_1,WRN_3_SCR_1
1,7.749792416274564,6.919457514530861,7.749792416274564,7.47301411569333,7.47301411569333,7.47301411569333,7.196235815112095,7.749792416274564,9.133683919180736,7.196235815112095,7.196235815112095,7.196235815112095,6.089122612787158,6.089122612787158,6.089122612787158,6.919457514530861,6.089122612787158,7.196235815112095,9.964018820924439,9.687240520343206,7.196235815112095
