chromosome_id,WT_1_1,WT_2_1,WT_3_1,HGPS_917_SCR_1,HGPS_478_SCR_1,HGPS_297_SCR_1,HGPS_917_NT_1,HGPS_478_NT_1,HGPS_297_NT_1,WRN_1_NT_1,WRN_2_NT_1,WRN_3_NT_1,WRN_1_L1_ASO_1,WRN_2_L1_ASO_1,WRN_3_L1_ASO_1,HGPS_917_L1_ASO_1,HGPS_478_L1_ASO_1,HGPS_297_L1_ASO_1,WRN_1_SCR_1,WRN_2_SCR_1,WRN_3_SCR_1
3,7.841328413284133,7.841328413284133,7.841328413284133,4.612546125461255,5.535055350553505,5.535055350553505,4.612546125461255,5.535055350553505,4.612546125461255,5.996309963099631,5.996309963099631,5.996309963099631,4.612546125461255,6.4575645756457565,4.612546125461255,5.996309963099631,5.996309963099631,5.996309963099631,4.612546125461255,5.996309963099631,5.996309963099631
