chromosome_id,WT_1_1,WT_2_1,WT_3_1,HGPS_917_SCR_1,HGPS_478_SCR_1,HGPS_297_SCR_1,HGPS_917_NT_1,HGPS_478_NT_1,HGPS_297_NT_1,WRN_1_NT_1,WRN_2_NT_1,WRN_3_NT_1,WRN_1_L1_ASO_1,WRN_2_L1_ASO_1,WRN_3_L1_ASO_1,HGPS_917_L1_ASO_1,HGPS_478_L1_ASO_1,HGPS_297_L1_ASO_1,WRN_1_SCR_1,WRN_2_SCR_1,WRN_3_SCR_1
4,6.966434452184927,6.966434452184927,6.966434452184927,8.866371120962635,8.866371120962635,8.866371120962635,10.13299556681444,9.499683343888536,9.499683343888536,8.233058898036733,8.233058898036733,8.233058898036733,7.59974667511083,7.59974667511083,7.59974667511083,8.233058898036733,8.233058898036733,7.59974667511083,8.866371120962635,8.866371120962635,8.233058898036733
