chromosome_id,WT_1_1,WT_2_1,WT_3_1,HGPS_917_SCR_1,HGPS_478_SCR_1,HGPS_297_SCR_1,HGPS_917_NT_1,HGPS_478_NT_1,HGPS_297_NT_1,WRN_1_NT_1,WRN_2_NT_1,WRN_3_NT_1,WRN_1_L1_ASO_1,WRN_2_L1_ASO_1,WRN_3_L1_ASO_1,HGPS_917_L1_ASO_1,HGPS_478_L1_ASO_1,HGPS_297_L1_ASO_1,WRN_1_SCR_1,WRN_2_SCR_1,WRN_3_SCR_1
2,6.584043377226956,6.9713400464756,6.9713400464756,5.420054200542006,5.032907471931862,4.645760743321719,6.194347657762292,4.645760743321719,4.645760743321719,3.8714672861014323,4.645760743321719,4.645760743321719,5.032907471931862,5.420054200542006,5.420054200542006,7.745933384972889,7.745933384972889,7.358636715724245,5.420054200542006,5.420054200542006,5.807200929152149
