,WT_1_1,WT_2_1,WT_3_1,StartPos,EndPos,Gene_ID,labels,mean_value
41,9.801295043120201e-05,0.00012192930304619535,0.00010231017085830282,52857268,52952435,ENSG00000073712,1,0.00010741747477856673
46,8.594469339663112e-05,0.00012445113509956555,9.189446045813184e-05,102080742,102139699,ENSG00000080824,1,0.00010076342965144283
52,8.770646679432393e-05,0.00014998574807811196,0.00010629570798715439,52004809,52069059,ENSG00000087303,1,0.00011466264095319675
130,0.00013240787619246097,0.0001482166985549199,0.00012413738954982542,69380128,69398299,ENSG00000100632,1,0.00013492065476573543
131,0.0001020259577625519,0.0001313270695675614,0.00010626333934249712,61695513,61748259,ENSG00000100644,1,0.00011320545555753681
281,0.00011641603250410044,0.0001438438222159034,0.00011783369281617973,51489100,51730727,ENSG00000139926,1,0.00012603118251206118
330,0.0002179284176523001,0.0002998902137172201,0.00023106950890108445,22836560,22849041,ENSG00000157227,1,0.00024962938009020157
555,0.0038514512848489947,0.004082872116304581,0.003474309613005384,100981004,100981075,ENSG00000202048,1,0.00380287767138632
1225,0.007424508261846102,0.00761277313700611,0.007637809140566866,49853616,49853914,ENSG00000278771,1,0.007558363513139692
