,HGPS_917_NT_1,HGPS_478_NT_1,HGPS_297_NT_1,StartPos,EndPos,Gene_ID,labels,mean_value
46,6.79075479551852e-05,9.041452837234221e-05,8.100300488819137e-05,102080742,102139699,ENSG00000080824,1,7.977502707190625e-05
130,7.913533633990523e-05,0.000105922920227503,0.00011826300501008801,69380128,69398299,ENSG00000100632,1,0.00010110708719249875
131,0.00013475573868387727,0.0002256626195233182,0.00023797043478625626,61695513,61748259,ENSG00000100644,1,0.00019946293099781725
248,7.388391125327643e-05,0.00013060584617904746,0.0001317772916403404,22564907,22589224,ENSG00000129562,1,0.00011208901635755476
281,5.801334336150619e-05,0.00010447108341571608,0.00019443951926752609,51489100,51730727,ENSG00000139926,1,0.00011897464868158279
330,6.770743795516311e-05,0.0001104978184890577,9.298552869188113e-05,22836560,22849041,ENSG00000157227,1,9.039692837870065e-05
389,8.664897075317747e-05,0.00010910999448087909,0.00011048761980517897,75131469,75176612,ENSG00000170348,1,0.00010208219501307851
555,0.0007539838989372943,0.0020830069804236326,0.001802502258813959,100981004,100981075,ENSG00000202048,1,0.0015464977127249621
1225,0.008526384027533352,0.00849419559949367,0.007747927600336931,49853616,49853914,ENSG00000278771,1,0.008256169075787984
