chromosome_id,WT_1_1,WT_2_1,WT_3_1,HGPS_917_SCR_1,HGPS_478_SCR_1,HGPS_297_SCR_1,HGPS_917_NT_1,HGPS_478_NT_1,HGPS_297_NT_1,WRN_1_NT_1,WRN_2_NT_1,WRN_3_NT_1,WRN_1_L1_ASO_1,WRN_2_L1_ASO_1,WRN_3_L1_ASO_1,HGPS_917_L1_ASO_1,HGPS_478_L1_ASO_1,HGPS_297_L1_ASO_1,WRN_1_SCR_1,WRN_2_SCR_1,WRN_3_SCR_1
X,1.5600624024960998,1.5600624024960998,1.5600624024960998,5.46448087431694,5.46448087431694,5.46448087431694,5.46448087431694,5.46448087431694,5.46448087431694,3.9032006245121,3.9032006245121,3.9032006245121,2.3400936037441498,2.3400936037441498,2.3400936037441498,2.3400936037441498,2.3400936037441498,2.3400936037441498,3.9032006245121,3.9032006245121,3.9032006245121
